Time,RAINRATE,Q2D,T2D,U2D,V2D,LWDOWN,SWDOWN,PSFC
2013-03-20 00:00:00,0.0003115622864829,0.0030871392227709,275.2267761230469,-2.5508058071136475,8.224889755249023,304.4042053222656,207.9959716796875,88313.5625
2013-03-20 01:00:00,0.0003401230772336,0.0033261715434491,274.6026306152344,-2.81060528755188,8.65025520324707,304.5670471191406,119.29971313476562,88208.5703125
2013-03-20 02:00:00,0.0003313222196367,0.0035677084233611,273.9747009277344,-3.060365676879883,9.082975387573242,304.753173828125,22.23912811279297,88105.6640625
2013-03-20 03:00:00,0.0001824019021458,0.0037849752698093,273.3479309082031,-3.30230712890625,9.502859115600586,305.80682373046875,0.0,88003.3203125
2013-03-20 04:00:00,0.0002634392182032,0.0038788064848631,273.3384704589844,-3.299896478652954,10.508685111999512,305.5108337402344,0.0,87949.703125
2013-03-20 05:00:00,0.0001374481783972,0.0039503723382949,273.3291015625,-3.285696506500244,11.525413513183594,305.2053527832031,0.0,87897.5390625
2013-03-20 06:00:00,0.0002173678742514,0.0040219044312834,273.311767578125,-3.273253917694092,12.53590965270996,307.7301025390625,0.0,87835.0390625
2013-03-20 07:00:00,0.0004248819417423,0.0041225380264222,273.6005859375,-1.894318699836731,13.163233757019045,307.8516845703125,0.0,87684.0078125
2013-03-20 08:00:00,0.0005160035358534,0.004226631950587,273.8617553710937,-0.5059359669685364,13.773789405822754,307.9516906738281,0.0,87527.875
2013-03-20 09:00:00,0.000125852814979,0.0043297014199197,274.1441650390625,0.8839418292045593,14.387414932250977,309.89111328125,0.0,87374.3984375
2013-03-20 10:00:00,0.0001125354733732,0.0043627824634313,274.1669311523437,1.187658667564392,14.319765090942385,309.9851989746094,0.0,87288.0234375
2013-03-20 11:00:00,0.0001204133944378,0.0044179772958159,274.1807556152344,1.4955681562423706,14.27336311340332,310.0600280761719,0.0,87202.6484375
2013-03-20 12:00:00,0.0002288964721891,0.0044633299112319,274.2037658691406,1.802723050117493,14.20144748687744,310.5799255371094,0.0,87117.203125
2013-03-20 13:00:00,0.0003835548957188,0.004469534382224,274.47198486328125,3.1999998092651367,13.90692901611328,310.55926513671875,0.0,87173.7578125
2013-03-20 14:00:00,0.0002009693615966,0.004496690351516,274.75146484375,4.593170166015625,13.601452827453612,310.5622863769531,0.0,87233.6953125
2013-03-20 15:00:00,0.0003143566846847,0.0045198500156402,275.0220947265625,5.965525627136231,13.302030563354492,306.6908264160156,63.84904861450195,87290.8828125
2013-03-20 16:00:00,0.0003401889072524,0.0043265391141176,274.52618408203125,6.785238265991211,12.000659942626951,306.8780517578125,149.36578369140625,87341.328125
2013-03-20 17:00:00,0.0004200096593962,0.0041144527494907,274.0223388671875,7.59999942779541,10.70309066772461,307.0278625488281,224.59280395507807,87389.28125
2013-03-20 18:00:00,0.0003705152869224,0.0039191460236907,273.5302124023437,8.40000057220459,9.41400909423828,285.125,410.55072021484375,87440.5703125
2013-03-20 19:00:00,0.0002405669788519,0.0037179084029048,273.4549560546875,9.67942714691162,9.626042366027832,285.64862060546875,475.9183349609375,87532.171875
2013-03-20 20:00:00,0.0002465970648659,0.003513433272019,273.35821533203125,10.96424961090088,9.847614288330078,286.16558837890625,507.0049133300781,87623.3203125
2013-03-20 21:00:00,0.0002338332600063,0.0033148163929581,273.29180908203125,12.22517204284668,10.077689170837402,280.083251953125,542.5411376953125,87712.734375
2013-03-20 22:00:00,0.0002802757753266,0.0032458172645419,272.7644958496094,12.908730506896973,8.916037559509277,280.5223083496094,473.9281005859375,87802.953125
2013-03-20 23:00:00,0.0003710550732082,0.003200369188562,272.26434326171875,13.60757064819336,7.736952781677246,280.90264892578125,368.0190124511719,87892.046875
2013-03-21 00:00:00,0.0004797679517004,0.003143255598843,271.7507019042969,14.292315483093262,6.566262245178223,263.25128173828125,240.49156188964844,87982.4296875
2013-03-21 01:00:00,0.0004330369167857,0.0031004138290882,271.0947570800781,13.396785736083984,5.042226791381836,263.7519836425781,138.9949951171875,88078.2890625
2013-03-21 02:00:00,0.0002125985920429,0.0030384473502635,270.44775390625,12.50357151031494,3.5051934719085693,264.2290344238281,28.015098571777344,88175.6328125
2013-03-21 03:00:00,0.0001988425023025,0.0029990037437528,269.7913818359375,11.612589836120604,1.9926663637161253,277.8061828613281,0.0,88272.2421875
2013-03-21 04:00:00,0.0001589889658821,0.0029319622553884,269.46075439453125,11.085416793823242,2.806098222732544,278.19659423828125,0.0,88330.0390625
2013-03-21 05:00:00,0.0001236474679576,0.0028409746009856,269.1340637207031,10.576685905456545,3.641630172729492,278.5404968261719,0.0,88392.0625
2013-03-21 06:00:00,8.840726481543647e-05,0.0027630280237644,268.8168334960937,10.052374839782717,4.478691577911377,269.1648254394531,0.0,88452.3203125
2013-03-21 07:00:00,5.52328262064192e-05,0.0028218373190611,268.931396484375,9.682454109191896,4.078784942626953,269.5616455078125,0.0,88510.1328125
2013-03-21 08:00:00,5.554765462875366e-05,0.0028511856216937,269.0728454589844,9.283157348632812,3.6787848472595215,269.9329833984375,0.0,88571.0078125
2013-03-21 09:00:00,0.0001110348436567,0.0029018570203334,269.1882019042969,8.907404899597168,3.27878475189209,277.7258605957031,0.0,88631.609375
2013-03-21 10:00:00,0.0001355420301357,0.0028766146861016,269.0982971191406,8.164796829223633,3.3798623085021973,278.1927490234375,0.0,88682.3359375
2013-03-21 11:00:00,0.000171438521809,0.0028678337112069,269.0220031738281,7.411995887756348,3.4850316047668457,278.6914978027344,0.0,88735.15625
2013-03-21 12:00:00,0.0001675245165824,0.0028678337112069,268.9303283691406,6.662558555603027,3.6142711639404297,280.6994934082031,0.0,88790.0390625
2013-03-21 13:00:00,0.0001163457251257,0.0029507919680327,269.2303161621094,6.36653995513916,3.183966636657715,281.1712341308594,0.0,88822.046875
2013-03-21 14:00:00,6.953203843699561e-05,0.0030384473502635,269.5306701660156,6.066540241241455,2.7839019298553467,281.6297302246094,0.0,88854.8984375
2013-03-21 15:00:00,6.47392537858751e-05,0.0031325069721788,269.83551025390625,5.761753559112549,2.3792405128479004,283.92266845703125,70.57357788085938,88887.5
2013-03-21 16:00:00,7.62320061524709e-05,0.0031712069176137,270.3905029296875,5.837978839874268,2.2946319580078125,284.23101806640625,160.74034118652344,88912.03125
2013-03-21 17:00:00,8.726244171460469e-05,0.0032225381582975,270.9329833984375,5.930776119232178,2.2109498977661133,284.5277709960937,239.9555511474609,88938.7890625
2013-03-21 18:00:00,7.13823570145501e-05,0.0032603167928755,271.4859924316406,6.015763759613037,2.128492593765259,279.37664794921875,487.0606994628906,88963.2265625
2013-03-21 19:00:00,7.095881634288364e-05,0.0033432743512094,271.73297119140625,7.393746852874756,2.5464932918548584,279.3554382324219,563.7222290039062,88939.2890625
2013-03-21 20:00:00,5.11853728029463e-05,0.003437343519181,271.9859924316406,8.789017677307129,2.97358512878418,279.41925048828125,600.0765991210938,88914.171875
2013-03-21 21:00:00,5.107544776466158e-05,0.0035097990185022,272.232177734375,10.190521240234377,3.406677007675171,281.7080993652344,440.5765380859375,88889.15625
2013-03-21 22:00:00,7.623857922024197e-05,0.0034055220894515,272.2370910644531,9.689974784851074,2.576722383499145,281.99200439453125,385.0503845214844,88965.1953125
2013-03-21 23:00:00,0.0001387060350841,0.0033040950074791,272.2546691894531,9.204301834106444,1.7481094598770142,282.2692565917969,299.3490295410156,89037.84375
2013-03-22 00:00:00,0.0001767332520749,0.0032040951773524,272.2650756835937,8.699999809265137,0.9198097586631776,241.9693756103516,290.9140014648437,89107.515625
2013-03-22 01:00:00,0.0001673556367556,0.0030668945983052,271.2407531738281,9.185237884521484,0.9301042556762696,241.47100830078125,169.43911743164062,89106.421875
2013-03-22 02:00:00,0.0001406822436385,0.0029384472873061,270.2241516113281,9.65436840057373,0.9112730622291564,240.93862915039065,36.619903564453125,89104.96875
2013-03-22 03:00:00,9.264351593123542e-05,0.0028213893529027,269.2028503417969,10.106595993041992,0.9088410139083862,266.3812561035156,0.0,89103.640625
2013-03-22 04:00:00,9.251702990796832e-05,0.0028042714111506,269.0491638183594,9.61771011352539,0.7301042079925537,266.2364501953125,0.0,89099.25
2013-03-22 05:00:00,7.280093928178151e-05,0.0027901919092983,268.9167175292969,9.143630981445312,0.5437558889389038,266.07061767578125,0.0,89095.9609375
2013-03-22 06:00:00,8.399307727813721e-05,0.0027840235270559,268.7958374023437,8.659872055053711,0.3617810606956482,257.7424621582031,0.0,89092.3125
2013-03-22 07:00:00,4.046148310105006e-05,0.0027498237323015,268.61993408203125,7.985933780670166,0.2067935019731521,257.4930419921875,0.0,89097.9765625
2013-03-22 08:00:00,1.778863991300265e-05,0.002739192917943,268.4485778808594,7.349562168121338,0.0643427670001983,257.2689208984375,0.0,89106.4453125
2013-03-22 09:00:00,0.0,0.0027209336403757,268.2694396972656,6.673061370849609,-0.0923016741871833,266.1900939941406,0.0,89112.390625
2013-03-22 10:00:00,0.0,0.0026741775218397,268.11822509765625,6.431506633758545,0.4877470433712005,265.8211975097656,0.0,89118.0
2013-03-22 11:00:00,0.0,0.002628426766023,267.9299621582031,6.158204555511475,1.06105375289917,265.4016418457031,0.0,89117.4140625
2013-03-22 12:00:00,0.0,0.0025744223967194,267.7597351074219,5.891549110412598,1.6343011856079102,259.7329406738281,0.0,89119.3984375
2013-03-22 13:00:00,0.0,0.0025744223967194,267.7943115234375,5.612340450286865,1.2983877658843994,259.808837890625,0.0,89124.8671875
2013-03-22 14:00:00,0.0,0.0025727995671331,267.8412475585937,5.334944725036621,0.9935017228126526,259.85089111328125,0.0,89129.0078125
2013-03-22 15:00:00,0.0,0.0025717820972204,267.8643798828125,5.051124095916748,0.6667417287826538,246.90249633789065,105.32917785644533,89134.3359375
2013-03-22 16:00:00,0.0,0.0025898986496031,268.6635437011719,4.8047590255737305,0.7935017347335815,247.04005432128903,234.1951446533203,89173.4453125
2013-03-22 17:00:00,0.0,0.0026240209117531,269.4594421386719,4.524763107299805,0.9156951308250428,247.1558837890625,347.3244323730469,89212.8125
2013-03-22 18:00:00,2.0899066908491982e-05,0.0026529943570494,270.2674560546875,4.263965129852295,1.0497605800628662,243.1707763671875,613.1464233398438,89252.546875
2013-03-22 19:00:00,3.50753300719791e-05,0.0027616526931524,271.21221923828125,5.518489837646484,0.5711454749107361,243.8178558349609,708.5759887695312,89241.4765625
2013-03-22 20:00:00,3.895003762510088e-05,0.0028849283698946,272.16064453125,6.799999713897705,0.0793071761727333,244.47608947753903,753.7230834960938,89227.1171875
2013-03-22 21:00:00,3.334469265407986e-05,0.0029910707380622,273.11962890625,8.06149673461914,-0.3814738988876343,255.76187133789065,766.0632934570312,89216.1484375
2013-03-22 22:00:00,2.77777761220932e-05,0.0030209338292479,273.219482421875,7.458831787109375,-0.8077009320259094,256.0042724609375,669.6041259765625,89250.2265625
2013-03-22 23:00:00,3.9293811553054384e-05,0.003040226874873,273.333740234375,6.842369079589844,-1.215764045715332,256.2719116210937,521.0715942382812,89283.015625
2013-03-23 00:00:00,0.0,0.0030689071863889,273.44171142578125,6.266991138458252,-1.6184900999069214,250.89788818359372,231.9446563720703,89317.6640625
2013-03-23 01:00:00,2.099571542607413e-05,0.0029406843241304,271.7960510253906,4.997485637664795,-1.3467236757278442,250.9743194580078,136.055908203125,89299.609375
2013-03-23 02:00:00,0.0,0.0028253393247723,270.1505432128906,3.739247560501098,-1.0957010984420776,251.09161376953125,31.29739761352539,89282.8984375
2013-03-23 03:00:00,0.0,0.0027006391901522,268.5091857910156,2.506464958190918,-0.825965166091919,243.240234375,0.0,89269.4140625
2013-03-23 04:00:00,0.0,0.0027173061389476,268.5445556640625,2.303176164627075,-0.7648323774337769,243.28370666503903,0.0,89354.34375
2013-03-23 05:00:00,0.0,0.002724994206801,268.58612060546875,2.1000001430511475,-0.7383443713188171,243.2816925048828,0.0,89442.1328125
2013-03-23 06:00:00,0.0,0.0027376681100577,268.6156921386719,1.8999998569488523,-0.7113057971000671,208.79104614257807,0.0,89529.546875
2013-03-23 07:00:00,0.0,0.002552249468863,268.0632019042969,1.399999976158142,0.1764775663614273,208.41455078125,0.0,89519.4765625
2013-03-23 08:00:00,0.0,0.002394315553829,267.5296325683594,0.9000000357627869,1.0748311281204224,208.06739807128903,0.0,89516.859375
2013-03-23 09:00:00,0.0,0.0022164001129567,266.9892272949219,0.4075180888175964,1.9667508602142332,205.6548309326172,0.0,89508.5078125
2013-03-23 10:00:00,0.0,0.0021528359502553,266.71453857421875,0.0999999940395355,1.9066758155822756,205.3328857421875,0.0,89530.15625
2013-03-23 11:00:00,0.0,0.00212187692523,266.4301147460937,-0.265773057937622,1.8546301126480105,205.0887756347656,0.0,89553.828125
2013-03-23 12:00:00,0.0,0.0020746695809066,266.1511535644531,-0.5999999642372131,1.784386396408081,229.4248962402344,0.0,89574.3125
2013-03-23 13:00:00,0.0,0.0023102313280105,267.2365417480469,-0.7130971550941467,1.447738528251648,230.09837341308597,0.0,89547.6640625
2013-03-23 14:00:00,0.0,0.0025459143798798,268.3224792480469,-0.8825785517692566,1.0842360258102417,230.747314453125,0.0,89519.6015625
2013-03-23 15:00:00,0.0,0.0027902203146368,269.4169311523437,-1.0,0.7578498125076294,265.6803283691406,99.92180633544922,89494.6484375
2013-03-23 16:00:00,0.0,0.002848343225196,270.4591064453125,-0.7999999523162842,0.5367090702056885,266.4896545410156,217.1193389892578,89517.25
2013-03-23 17:00:00,0.0,0.0029255459085106,271.50323486328125,-0.5968821048736572,0.356054425239563,267.33013916015625,319.9051513671875,89533.5078125
2013-03-23 18:00:00,0.0,0.0029872874729335,272.536376953125,-0.3780094683170318,0.1468282043933868,275.1152648925781,322.0282287597656,89553.34375
2013-03-23 19:00:00,0.0,0.0030912435613572,273.111083984375,-0.2591844499111175,-0.098965935409069,275.7408752441406,371.5564270019531,89602.8984375
2013-03-23 20:00:00,0.0,0.00319310487248,273.6654052734375,-0.1221557110548019,-0.2999999821186065,276.33673095703125,394.9368286132813,89654.3359375
2013-03-23 21:00:00,0.0,0.0032915046904236,274.2349853515625,0.0,-0.5200599431991577,256.2020568847656,615.4271240234375,89705.3984375
2013-03-23 22:00:00,0.0,0.0033548732753843,274.3116149902344,-0.4000284075736999,-0.699999988079071,255.6844940185547,538.099365234375,89612.671875
2013-03-23 23:00:00,0.0,0.0033914952073246,274.37677001953125,-0.7999999523162842,-0.9000000357627869,255.1884613037109,419.1654357910156,89522.4609375
2013-03-24 00:00:00,0.0,0.0034499140456318,274.4466857910156,-1.215750217437744,-1.100000023841858,234.5252990722656,326.9730834960937,89430.0703125
2013-03-24 01:00:00,0.0,0.0031156539916992,272.9425048828125,-1.100000023841858,-0.3999999761581421,233.66827392578125,193.23406982421875,89388.8671875
2013-03-24 02:00:00,0.0,0.002789287129417,271.4234924316406,-1.0,0.2863736748695373,232.76318359375,47.045997619628906,89347.8359375
2013-03-24 03:00:00,0.0,0.0024600862525403,269.9280090332031,-0.8821485042572021,0.924763321876526,197.14718627929688,0.0,89303.765625
2013-03-24 04:00:00,0.0,0.0023549834731966,268.9969482421875,-1.5992271900177002,0.4971234798431396,196.47866821289065,0.0,89322.3125
2013-03-24 05:00:00,0.0,0.0022412938997149,268.0909118652344,-2.2980871200561523,0.0130971977487206,195.81246948242188,0.0,89342.1328125
2013-03-24 06:00:00,0.0,0.0021356912329792,267.1594543457031,-3.028716325759888,-0.4618458151817322,194.9657745361328,0.0,89360.546875
2013-03-24 07:00:00,0.0,0.002111128764227,267.03436279296875,-2.992743015289306,-0.3977262675762176,194.95315551757807,0.0,89311.71875
2013-03-24 08:00:00,0.0,0.0020833376329392,266.9182434082031,-2.984236001968384,-0.3766669332981109,194.934326171875,0.0,89267.9453125
2013-03-24 09:00:00,0.0,0.0020479031372815,266.8124084472656,-2.9764020442962646,-0.3273138105869293,198.1870574951172,0.0,89216.546875
2013-03-24 10:00:00,0.0,0.0020030937157571,266.7512512207031,-2.900000095367432,0.0675498098134994,198.09097290039065,0.0,89218.5859375
2013-03-24 11:00:00,0.0,0.001946031814441,266.7028503417969,-2.881509780883789,0.4623680412769317,197.9839630126953,0.0,89215.609375
2013-03-24 12:00:00,0.0,0.0019028487149626,266.6560974121094,-2.799999952316284,0.8439027667045593,205.6237335205078,0.0,89217.5
2013-03-24 13:00:00,0.0,0.00210079154931,267.6902770996094,-3.200702667236328,1.0943700075149536,205.8047332763672,0.0,89182.7421875
2013-03-24 14:00:00,0.0,0.0022985972464084,268.7115478515625,-3.600600481033325,1.3249597549438477,206.07095336914065,0.0,89142.1484375
2013-03-24 15:00:00,0.0,0.0024939386639744,269.7406005859375,-4.039541244506836,1.5999999046325684,232.61119079589844,152.91525268554688,89105.578125
2013-03-24 16:00:00,0.0,0.0026447924319654,271.7748718261719,-4.048256874084473,1.901651620864868,233.4138946533203,325.0904541015625,89189.6328125
2013-03-24 17:00:00,0.0,0.0027888959739357,273.8199157714844,-4.107256889343262,2.203176259994507,234.16033935546875,476.1119689941406,89274.3125
2013-03-24 18:00:00,0.0,0.002960983198136,275.856689453125,-4.1197614669799805,2.5076045989990234,286.98193359375,483.6118774414063,89357.125
2013-03-24 19:00:00,0.0,0.0030163708142936,276.0212707519531,-3.865694046020508,2.3072566986083984,287.0635681152344,557.27685546875,89325.15625
2013-03-24 20:00:00,0.0,0.0030913576483726,276.1765441894531,-3.6271955966949454,2.10760498046875,287.1637878417969,591.7744140625,89296.921875
2013-03-24 21:00:00,0.0,0.0031763452570885,276.33258056640625,-3.386000633239746,1.8999998569488523,295.04205322265625,304.3124389648437,89266.7890625
2013-03-24 22:00:00,0.0,0.0032203954178839,276.148681640625,-3.4248781204223637,1.907604694366455,295.3363342285156,266.1191711425781,89226.0546875
2013-03-24 23:00:00,0.0,0.0032884392421692,275.9600524902344,-3.470242977142334,1.9256680011749268,295.6495666503906,207.56109619140625,89187.0859375
2013-03-25 00:00:00,0.0,0.0033463109284639,275.7958984375,-3.524633407592773,1.9245023727416992,299.7652587890625,133.15719604492188,89143.5078125
2013-03-25 01:00:00,0.0,0.0031961682252585,274.44842529296875,-3.1866295337677,1.6358582973480225,297.24053955078125,79.203857421875,89076.625
2013-03-25 02:00:00,0.0,0.0030590840615332,273.1235656738281,-2.8309571743011475,1.342902421951294,294.6849060058594,20.302947998046875,89008.3203125
2013-03-25 03:00:00,0.0,0.0029113681521266,271.7977294921875,-2.499999761581421,1.100000023841858,264.3140869140625,0.0,88942.265625
2013-03-25 04:00:00,0.0,0.0026249913498759,270.5507507324219,-2.499999761581421,1.3000000715255735,260.6433410644531,0.0,88967.0390625
2013-03-25 05:00:00,0.0,0.0023645465262234,269.3018798828125,-2.499999761581421,1.5,256.9742736816406,0.0,88996.984375
2013-03-25 06:00:00,0.0,0.002124585211277,268.0616455078125,-2.499999761581421,1.6999999284744265,242.59051513671875,0.0,89025.984375
2013-03-25 07:00:00,0.0,0.0020602310542017,267.8174133300781,-2.499999761581421,1.608061909675598,242.0819091796875,0.0,88967.3359375
2013-03-25 08:00:00,0.0,0.001987446565181,267.60400390625,-2.499999761581421,1.5032086372375488,241.6041717529297,0.0,88908.296875
2013-03-25 09:00:00,0.0,0.0019233820494264,267.3843994140625,-2.499999761581421,1.4219061136245728,240.97381591796875,0.0,88849.859375
2013-03-25 10:00:00,0.0,0.0019243027782067,267.36572265625,-2.6000001430511475,1.399999976158142,241.05755615234372,0.0,88822.40625
2013-03-25 11:00:00,0.0,0.0019294233061373,267.32666015625,-2.700000047683716,1.3000000715255735,241.1230010986328,0.0,88792.4921875
2013-03-25 12:00:00,0.0,0.0019294233061373,267.3172912597656,-2.7414755821228027,1.3000000715255735,224.56643676757807,0.0,88766.6015625
2013-03-25 13:00:00,0.0,0.0020748956594616,267.783447265625,-2.6309573650360107,1.0212494134902954,224.9698638916016,0.0,88754.359375
2013-03-25 14:00:00,0.0,0.0022114405874162,268.2562255859375,-2.53171443939209,0.8189472556114197,225.4302673339844,0.0,88740.8125
2013-03-25 15:00:00,0.0,0.0023512600455433,268.7201538085937,-2.424802303314209,0.6076048016548157,213.74322509765625,168.26870727539062,88732.1171875
2013-03-25 16:00:00,0.0,0.0024601393379271,270.68756103515625,-2.575967788696289,0.8031763434410095,215.0479431152344,350.4469909667969,88740.9140625
2013-03-25 17:00:00,0.0,0.0025613920297473,272.6470947265625,-2.7371206283569336,0.9790916442871094,216.3516387939453,510.1719055175781,88750.375
2013-03-25 18:00:00,0.0,0.0026790911797434,274.6015319824219,-2.902751445770264,1.1353917121887207,235.7028045654297,729.3746337890625,88758.640625
2013-03-25 19:00:00,0.0,0.0028307242318987,275.8903503417969,-2.539670944213867,0.6184900403022766,236.55764770507807,839.3821411132812,88740.96875
2013-03-25 20:00:00,0.0,0.0029922251123934,277.17919921875,-2.1729328632354736,0.0474621169269084,237.3998107910156,890.8065185546875,88724.890625
2013-03-25 21:00:00,0.0,0.0031504540238529,278.4776916503906,-1.7866533994674685,-0.4985637962818146,266.8741149902344,782.082763671875,88708.9375
2013-03-25 22:00:00,0.0,0.0032780745532363,278.6257629394531,-1.5276505947113037,-0.2006554007530212,267.3813781738281,684.2359008789062,88707.171875
2013-03-25 23:00:00,0.0,0.003395975800231,278.74920654296875,-1.290606141090393,0.0915646851062774,267.8680725097656,534.0802612304688,88695.4296875
2013-03-26 00:00:00,0.0,0.0035088683944195,278.8835144042969,-1.0517492294311523,0.3983805179595947,301.2164306640625,216.6351623535156,88691.3671875
2013-03-26 01:00:00,0.0,0.0033891417551785,277.2170715332031,-0.7461338639259338,-0.2569513916969299,299.238037109375,129.7410888671875,88644.8046875
2013-03-26 02:00:00,0.0,0.0032556792721152,275.5330505371094,-0.4248783886432647,-0.9248793125152588,297.2100830078125,34.881629943847656,88598.8125
2013-03-26 03:00:00,0.0,0.003132734214887,273.8682861328125,-0.1245025470852851,-1.569211483001709,301.3589172363281,0.0,88552.703125
2013-03-26 04:00:00,0.0,0.0029365865048021,272.4573974609375,-0.9794178605079652,-1.2600328922271729,297.01055908203125,0.0,88591.1015625
2013-03-26 05:00:00,0.0,0.002745644422248,271.05224609375,-1.8000000715255735,-0.977719783782959,292.7463684082031,0.0,88629.5703125
2013-03-26 06:00:00,0.0,0.0025706172455102,269.64312744140625,-2.691429853439331,-0.6775718331336975,282.0809326171875,0.0,88667.0703125
2013-03-26 07:00:00,0.0,0.0025220895186066,269.4047241210937,-2.299999952316284,0.0079712467268109,281.89813232421875,0.0,88673.4296875
2013-03-26 08:00:00,0.0,0.0024599886965006,269.12994384765625,-1.9891890287399288,0.702375054359436,281.6636962890625,0.0,88682.5234375
2013-03-26 09:00:00,0.0,0.0024137021973729,268.8912658691406,-1.612341284751892,1.393491268157959,276.51373291015625,0.0,88688.09375
2013-03-26 10:00:00,0.0,0.0024507248308509,269.2277526855469,-1.506508708000183,1.215141534805298,277.6461181640625,0.0,88627.6484375
2013-03-26 11:00:00,0.0,0.0025102030485868,269.5870361328125,-1.4000283479690552,1.0835753679275513,278.8578186035156,0.0,88567.546875
2013-03-26 12:00:00,0.0,0.0025407327339053,269.9283142089844,-1.2972407341003418,0.916046380996704,292.5026550292969,0.0,88508.6484375
2013-03-26 13:00:00,0.0,0.0027319372165948,270.631103515625,-1.1999999284744265,1.1445624828338623,294.4638977050781,0.0,88564.6953125
2013-03-26 14:00:00,0.0,0.0029350616969168,271.3492736816406,-1.1318771839141846,1.399999976158142,296.4852294921875,0.0,88619.34375
2013-03-26 15:00:00,0.0,0.0031428472138941,272.06268310546875,-1.0687071084976196,1.5999999046325684,299.9603881835937,52.183624267578125,88675.9375
2013-03-26 16:00:00,0.0,0.0033407898154109,273.39581298828125,-0.6752366423606873,1.8000000715255735,303.2989196777344,106.63389587402344,88689.53125
2013-03-26 17:00:00,0.0,0.0035431084688752,274.7376403808594,-0.2779627442359924,2.0065085887908936,306.6883544921875,154.3865509033203,88706.8671875
2013-03-26 18:00:00,0.0,0.0037481342442333,276.0705871582031,0.1227117106318473,2.204759359359741,307.8163146972656,275.1138916015625,88721.078125
2013-03-26 19:00:00,0.0,0.0039000948891043,276.6830444335937,0.3999999761581421,2.1998965740203857,309.22332763671875,316.0678100585937,88720.9453125
2013-03-26 20:00:00,0.0,0.0040265009738504,277.3046569824219,0.699999988079071,2.204759359359741,310.67633056640625,335.26617431640625,88721.203125
2013-03-26 21:00:00,0.0,0.0041514099575579,277.9188842773437,1.0,2.1927132606506348,308.7343444824219,391.7551574707031,88718.5625
2013-03-26 22:00:00,0.0,0.0041341865435242,277.83795166015625,0.5,1.3499000072479248,307.9221496582031,342.7964172363281,88692.46875
2013-03-26 23:00:00,0.0,0.0041193347424268,277.7445068359375,0.0,0.5,307.1179504394531,267.83856201171875,88662.46875
2013-03-27 00:00:00,0.0,0.0041075157932937,277.6502990722656,-0.5,-0.3999999761581421,300.0494079589844,200.4191131591797,88634.1484375
2013-03-27 01:00:00,0.0,0.00401421636343,276.269287109375,-0.8096035122871399,-0.199999988079071,297.8623352050781,120.79080200195312,88643.7734375
2013-03-27 02:00:00,0.0,0.0039219972677528,274.8779602050781,-1.130220890045166,-0.0069882650859653,295.7189636230469,33.931861877441406,88653.234375
2013-03-27 03:00:00,0.0,0.0038181457202881,273.5090637207031,-1.4439302682876587,0.1396709680557251,290.8022155761719,0.0,88661.65625
2013-03-27 04:00:00,0.0,0.0037766702007502,273.17041015625,-1.6989659070968628,-0.0367906987667083,290.4707946777344,0.0,88648.203125
2013-03-27 05:00:00,0.0,0.0037169174756854,272.8275756835937,-1.8999998569488523,-0.2136732041835785,290.1061706542969,0.0,88626.8984375
2013-03-27 06:00:00,0.0,0.0036697105970233,272.4917297363281,-2.137521982192993,-0.4046148061752319,280.8704833984375,0.0,88612.5859375
2013-03-27 07:00:00,0.0,0.0036276611499488,272.4555969238281,-2.200000047683716,-0.3415614068508148,280.99713134765625,0.0,88616.3359375
2013-03-27 08:00:00,0.0,0.0036162652540951,272.42010498046875,-2.299999952316284,-0.2810454368591308,281.0917358398437,0.0,88622.3515625
2013-03-27 09:00:00,0.0,0.0035944276023656,272.3974304199219,-2.3999998569488525,-0.2336981743574142,288.47998046875,0.0,88624.9921875
2013-03-27 10:00:00,0.0,0.0036228240933269,272.7229309082031,-1.831572771072388,0.0046330885961651,289.0209655761719,0.0,88590.0546875
2013-03-27 11:00:00,0.0,0.0036727325059473,273.039794921875,-1.2789422273635864,0.2525995373725891,289.5423583984375,0.0,88553.6796875
2013-03-27 12:00:00,0.0,0.0037170378491282,273.38623046875,-0.6972485184669495,0.4915465712547302,308.4568176269531,0.0,88521.8515625
2013-03-27 13:00:00,0.0,0.0037269049789756,273.6605834960937,-0.883577823638916,0.7575598359107971,308.8953552246094,0.0,88543.6484375
2013-03-27 14:00:00,0.0,0.0037542378995567,273.9421691894531,-1.0000284910202026,1.0114760398864746,309.3485412597656,0.0,88567.1015625
2013-03-27 15:00:00,0.0,0.0037675744388252,274.23809814453125,-1.1999999284744265,1.3024238348007202,311.0731201171875,52.78438568115234,88590.03125
2013-03-27 16:00:00,0.0,0.003887710859999,274.95623779296875,-0.7999999523162842,1.8999998569488523,312.05908203125,105.88673400878906,88602.9375
2013-03-27 17:00:00,0.0,0.0040053515695035,275.6782531738281,-0.3999999761581421,2.407518148422241,313.1026306152344,152.30023193359375,88620.71875
2013-03-27 18:00:00,0.0,0.0041069295257329,276.3861694335937,0.0,2.9711248874664307,319.41912841796875,191.5120086669922,88634.2265625
2013-03-27 19:00:00,0.0,0.0041470006108284,276.65631103515625,0.4814766347408294,2.6762712001800537,319.7408142089844,219.6685028076172,88659.015625
2013-03-27 20:00:00,0.0,0.0041812569834291,276.9168395996094,0.92196124792099,2.3951916694641118,320.04510498046875,232.8285369873047,88680.734375
2013-03-27 21:00:00,0.0,0.0042266650125384,277.1824645996094,1.3711388111114502,2.112318515777588,320.07159423828125,224.78494262695312,88705.0390625
2013-03-27 22:00:00,0.0,0.0042210519313812,276.96514892578125,1.2867201566696167,1.9223395586013796,319.7391662597656,196.7389068603516,88662.984375
2013-03-27 23:00:00,0.0,0.004202639684081,276.73260498046875,1.1972405910491943,1.715207815170288,319.40167236328125,153.84666442871094,88622.328125
2013-03-28 00:00:00,3.5213081476589045e-06,0.0041916677728295,276.5218200683594,1.0974854230880735,1.5227116346359253,297.6075439453125,172.3394317626953,88578.9453125
2013-03-28 01:00:00,0.0,0.0039421934634447,275.2961120605469,0.1875553280115127,1.2004064321517944,295.17999267578125,104.52335357666016,88623.1640625
2013-03-28 02:00:00,0.0,0.003721771063283,274.0714111328125,-0.769996702671051,0.899633526802063,292.6842956542969,30.571849822998047,88667.6328125
2013-03-28 03:00:00,0.0,0.0035009363200515,272.8552551269531,-1.6783106327056885,0.5787966847419739,260.06475830078125,0.0,88712.578125
2013-03-28 04:00:00,0.0,0.0034432036336511,272.5481872558594,-1.2998136281967163,1.0,259.4314270019531,0.0,88737.1484375
2013-03-28 05:00:00,0.0,0.0033922602888196,272.2353820800781,-0.930746614933014,1.45270037651062,258.7680358886719,0.0,88759.6875
2013-03-28 06:00:00,0.0,0.0033359895460307,271.93023681640625,-0.5835753083229065,1.8999998569488523,292.4088134765625,0.0,88784.640625
2013-03-28 07:00:00,0.0,0.0033973406534641,272.1016540527344,-0.7999999523162842,1.6419271230697632,292.2633056640625,0.0,88781.84375
2013-03-28 08:00:00,1.9459894133938684e-05,0.0034652510657906,272.2751770019531,-0.9990875720977784,1.399999976158142,292.1179504394531,0.0,88779.578125
2013-03-28 09:00:00,0.0,0.0035196610260754,272.4420166015625,-1.2256419658660889,1.1999999284744265,275.8499450683594,0.0,88781.7109375
2013-03-28 10:00:00,0.0,0.003507335204631,272.1993408203125,-0.7893946170806885,1.5,275.87176513671875,0.0,88779.8671875
2013-03-28 11:00:00,0.0,0.0035065622068941,271.949951171875,-0.3752366304397583,1.8999998569488523,275.8626708984375,0.0,88780.5234375
2013-03-28 12:00:00,0.0,0.0035070194862782,271.6982116699219,0.0394668206572532,2.2024035453796387,286.5273742675781,0.0,88781.4140625
2013-03-28 13:00:00,0.0,0.0035655717365443,271.9898376464844,-0.96879780292511,2.1655352115631104,286.7334899902344,0.0,88831.7734375
2013-03-28 14:00:00,0.0,0.003616573754698,272.2614440917969,-1.9903688430786133,2.1000001430511475,286.9947814941406,0.0,88884.3046875
2013-03-28 15:00:00,0.0,0.0036727858241647,272.527587890625,-3.0145442485809326,2.0,255.4467315673828,157.41265869140625,88934.3046875
2013-03-28 16:00:00,0.0,0.0037295387592166,273.88836669921875,-2.19229793548584,2.0,255.88641357421875,310.287841796875,88969.0859375
2013-03-28 17:00:00,0.0,0.0037971346173435,275.2502746582031,-1.37091064453125,1.9860130548477173,256.3023986816406,444.0165100097656,88998.6640625
2013-03-28 18:00:00,0.0,0.0038425337988883,276.5948486328125,-0.5536563396453857,1.905989646911621,282.8515319824219,584.8017578125,89031.765625
2013-03-28 19:00:00,0.0,0.0038442551158368,277.3914794921875,-0.0154456850141286,1.6075180768966677,283.1767272949219,670.0873413085938,89048.65625
2013-03-28 20:00:00,0.0,0.0038294363766908,278.1896667480469,0.5007727742195129,1.3075181245803833,283.5329895019531,709.6708984375,89058.90625
2013-03-28 21:00:00,0.0,0.0038115843199193,278.9755859375,1.0,1.004961013793945,296.4730834960937,537.2255859375,89073.6015625
2013-03-28 22:00:00,0.0,0.0038162979763001,278.8406066894531,1.1999999284744265,0.4157639741897583,296.4313659667969,470.3511047363281,89073.2421875
2013-03-28 23:00:00,0.0,0.0038274256512522,278.7038879394531,1.399999976158142,-0.1560765206813812,296.3208312988281,368.1828918457031,89068.7265625
2013-03-29 00:00:00,0.0,0.0038413458969444,278.5685729980469,1.5235977172851562,-0.7368781566619873,277.7674560546875,300.8135070800781,89067.5859375
2013-03-29 01:00:00,0.0,0.0037980575580149,276.93896484375,1.5,-0.389394611120224,277.189208984375,183.57647705078125,89059.2890625
2013-03-29 02:00:00,0.0,0.0037442550528794,275.28173828125,1.5,-0.0004647720779757,276.6398620605469,55.73543167114258,89050.2265625
2013-03-29 03:00:00,0.0,0.0036955927498638,273.65380859375,1.4404391050338743,0.3029049336910248,254.90826416015625,0.0,89035.734375
2013-03-29 04:00:00,0.0,0.0036594052799046,273.18670654296875,1.7335190773010254,0.5029048919677734,254.91883850097656,0.0,89111.8828125
2013-03-29 05:00:00,0.0,0.0036203248891979,272.7176208496094,2.1000001430511475,0.7294737696647644,254.9132537841797,0.0,89187.1796875
2013-03-29 06:00:00,0.0,0.003594423411414,272.25543212890625,2.3999998569488525,0.9339576363563538,266.4583435058594,0.0,89261.7265625
2013-03-29 07:00:00,0.0,0.003612337866798,272.3800964355469,2.299999952316284,0.857019305229187,266.7478332519531,0.0,89263.265625
2013-03-29 08:00:00,0.0,0.0036443409044295,272.4994812011719,2.29999041557312,0.8052101135253906,267.0740966796875,0.0,89270.6171875
2013-03-29 09:00:00,0.0,0.003672732040286,272.6195983886719,2.200000047683716,0.7446384429931641,273.22662353515625,0.0,89271.640625
2013-03-29 10:00:00,0.0,0.0036502783186733,272.5315856933594,1.981119155883789,0.9139991402626038,273.1980895996094,0.0,89275.359375
2013-03-29 11:00:00,0.0,0.0036443409044295,272.46197509765625,1.6999999284744265,1.1003473997116089,273.19189453125,0.0,89282.921875
2013-03-29 12:00:00,0.0,0.0036353687755763,272.38525390625,1.4090805053710938,1.2773925065994265,278.27935791015625,0.0,89286.421875
2013-03-29 13:00:00,3.23470537033346e-05,0.0037026684731245,272.8951721191406,0.7165815830230713,1.0331847667694092,278.6566467285156,0.0,89348.7578125
2013-03-29 14:00:00,0.0,0.0037606887053698,273.4223937988281,0.0227117110043764,0.7815099358558655,279.0584716796875,0.90327250957489,89413.1328125
2013-03-29 15:00:00,0.0,0.0038251876831054,273.9335021972656,-0.6726493239402771,0.5,285.2417907714844,131.89373779296875,89479.6953125
2013-03-29 16:00:00,0.0,0.0040166126564145,275.3713073730469,-0.8726494312286377,0.699999988079071,287.1617736816406,255.69700622558597,89451.9453125
2013-03-29 17:00:00,0.0,0.0042055477388203,276.8090209960937,-1.064003348350525,0.9000000357627869,289.085205078125,364.0766906738281,89420.734375
2013-03-29 18:00:00,0.0,0.0043922895565629,278.2640380859375,-1.257320523262024,1.0997551679611206,291.60162353515625,562.3404541015625,89396.015625
2013-03-29 19:00:00,0.0,0.0045519112609326,279.5191650390625,-0.7735850811004639,0.5794277787208557,293.93218994140625,643.5791625976562,89412.9140625
2013-03-29 20:00:00,0.0,0.0047289920039474,280.775634765625,-0.3036985099315643,0.0553775578737258,296.26153564453125,681.1117553710938,89431.421875
2013-03-29 21:00:00,0.0,0.0049012890085577,282.03912353515625,0.1557753086090088,-0.4909193515777588,290.3394470214844,806.2415771484375,89445.5859375
2013-03-29 22:00:00,0.0,0.0050734407268464,282.6073608398437,0.3247633576393127,-0.7999999523162842,291.6402282714844,706.0431518554688,89410.7734375
2013-03-29 23:00:00,0.0,0.0052162916399538,283.15338134765625,0.4482572078704834,-1.1815099716186523,292.9354553222656,553.182373046875,89371.46875
2013-03-30 00:00:00,0.0,0.0053948457352817,283.7212219238281,0.6059933304786682,-1.5287244319915771,283.0553894042969,382.7758483886719,89334.7734375
2013-03-30 01:00:00,0.0,0.0050602415576577,281.3305969238281,0.6007728576660156,-1.7726165056228638,280.53436279296875,234.96676635742188,89331.78125
2013-03-30 02:00:00,0.0,0.0047346060164272,278.9402770996094,0.6007728576660156,-2.0,278.0180969238281,73.90922546386719,89329.6328125
2013-03-30 03:00:00,0.0,0.0044343178160488,276.5403747558594,0.5999999642372131,-2.2599830627441406,247.41603088378903,0.0,89328.59375
2013-03-30 04:00:00,0.0,0.0041769314557313,275.63250732421875,-0.5329846143722534,-1.861883521080017,246.2932586669922,0.0,89357.3125
2013-03-30 05:00:00,0.0,0.0039453585632145,274.73388671875,-1.6564157009124756,-1.4482287168502808,245.21847534179688,0.0,89385.796875
2013-03-30 06:00:00,0.0,0.0037018614821135,273.82110595703125,-2.761655569076538,-1.0411183834075928,222.41476440429688,0.0,89417.4453125
2013-03-30 07:00:00,0.0,0.0035186691675335,273.2704772949219,-2.8564157485961914,-1.2006676197052002,221.41514587402344,0.0,89403.4375
2013-03-30 08:00:00,0.0,0.0033635650761425,272.6951904296875,-2.95641565322876,-1.340623378753662,220.50059509277344,0.0,89392.875
2013-03-30 09:00:00,0.0,0.0031910273246467,272.1177062988281,-3.0583887100219727,-1.4736889600753784,214.48062133789065,0.0,89378.6328125
2013-03-30 10:00:00,0.0002152433494726,0.0031152470037341,271.8817138671875,-3.092481851577759,-1.2004340887069702,214.31500244140625,0.0,89381.9921875
2013-03-30 11:00:00,0.0,0.0030511957593262,271.6188049316406,-3.183070421218872,-0.9141854643821716,214.17642211914065,0.0,89392.4296875
2013-03-30 12:00:00,0.0,0.0029886236879974,271.3661499023437,-3.248551845550537,-0.642440140247345,214.85513305664065,0.0,89393.9140625
2013-03-30 13:00:00,0.0,0.0031295069493353,272.3998718261719,-3.2830703258514404,-0.4815239012241363,215.2600860595703,0.0,89380.0546875
2013-03-30 14:00:00,0.0,0.0032907635904848,273.4252319335937,-3.2980871200561523,-0.3396887183189392,215.65902709960935,6.076864719390869,89362.890625
2013-03-30 15:00:00,0.0,0.0034356131218373,274.4797668457031,-3.299999713897705,-0.1951709389686584,226.0153350830078,207.4452209472656,89348.1328125
2013-03-30 16:00:00,0.0,0.0036281214561313,276.81219482421875,-3.6999998092651367,-0.7588702440261841,227.04759216308597,395.83697509765625,89394.3671875
2013-03-30 17:00:00,0.0,0.0038268789649009,279.1462707519531,-4.045193195343018,-1.3277926445007324,228.1104888916016,560.6256103515625,89442.0
2013-03-30 18:00:00,0.0,0.0040384293533861,281.4754333496094,-4.400000095367432,-1.9022737741470337,245.8153533935547,798.9462280273438,89485.3984375
2013-03-30 19:00:00,0.0,0.0042141294106841,282.885498046875,-3.977034330368042,-1.3495025634765625,246.67529296875,913.1058349609376,89381.6328125
2013-03-30 20:00:00,0.0,0.0043840832076966,284.28424072265625,-3.5,-0.7934846878051758,247.5157928466797,965.6854248046876,89277.734375
2013-03-30 21:00:00,0.0,0.0045570801012218,285.6889343261719,-3.010359764099121,-0.2302382141351699,259.87652587890625,954.5363159179688,89173.0703125
2013-03-30 22:00:00,0.0,0.0050415969453752,286.0877380371094,-2.900000095367432,-0.2747043967247009,260.3513488769531,836.0529174804688,89216.53125
2013-03-30 23:00:00,0.0,0.0055472091771662,286.4960327148437,-2.79231333732605,-0.3251018822193146,260.8567810058594,655.6757202148438,89259.4921875
2013-03-31 00:00:00,0.0,0.0060640908777713,286.91455078125,-2.645091772079468,-0.3654629290103912,250.4301300048828,442.90142822265625,89304.265625
2013-03-31 01:00:00,0.0,0.0049874796532094,282.6472473144531,-3.0,-0.2482062727212906,245.68960571289065,273.43914794921875,89240.4609375
2013-03-31 02:00:00,0.0,0.0040178187191486,278.3744506835937,-3.380824565887451,-0.1411315202713012,240.9078369140625,88.82930755615234,89175.1171875
2013-03-31 03:00:00,0.0,0.0031890452373772,274.0898132324219,-3.6999998092651367,-0.0336981751024723,222.64450073242188,0.0,89109.84375
2013-03-31 04:00:00,0.0,0.0031190239824354,273.6794738769531,-3.8437695503234863,0.2993445992469787,221.82955932617188,0.0,89150.609375
2013-03-31 05:00:00,0.0,0.0030299094505608,273.2699584960937,-3.9684126377105713,0.6336140632629395,221.01284790039065,0.0,89191.015625
2013-03-31 06:00:00,0.0,0.0029330062679946,272.8480529785156,-4.089374542236328,0.9708957076072692,218.34957885742188,0.0,89230.75
2013-03-31 07:00:00,0.0,0.0029271901585161,272.7178955078125,-4.134844779968262,0.9240214228630066,218.22686767578125,0.0,89165.796875
2013-03-31 08:00:00,0.0,0.002912821713835,272.575439453125,-4.184563636779785,0.891180157661438,218.1250457763672,0.0,89100.0078125
2013-03-31 09:00:00,0.0,0.0028717298991978,272.4268493652344,-4.253759860992432,0.8341154456138611,215.9047393798828,0.0,89032.6015625
2013-03-31 10:00:00,0.0,0.0027652494609355,272.36737060546875,-4.184442043304443,0.8341154456138611,215.95669555664065,0.0,89032.3046875
2013-03-31 11:00:00,0.0,0.0026504986453801,272.2903747558594,-4.101253032684326,0.8471285700798035,215.98936462402344,0.0,89027.65625
2013-03-31 12:00:00,0.0,0.0025365455076098,272.21142578125,-4.043759822845459,0.8471285700798035,213.98394775390625,0.0,89026.9765625
2013-03-31 13:00:00,0.0,0.0026730692479759,272.1634216308594,-4.0684123039245605,0.7690014839172363,213.9832000732422,0.0,89014.1796875
2013-03-31 14:00:00,0.0,0.0028265158180147,272.12530517578125,-4.089374542236328,0.6979737877845764,213.96783447265625,11.146406173706056,89001.1484375
2013-03-31 15:00:00,0.0,0.0029693299438804,272.0708923339844,-4.099728107452393,0.5999999642372131,213.81787109375,215.9128570556641,88989.609375
2013-03-31 16:00:00,0.0,0.003090415848419,273.0191955566406,-3.9860241413116455,0.1148913726210594,215.9259490966797,406.0395812988281,88994.1953125
2013-03-31 17:00:00,0.0,0.0032248466741293,273.9624938964844,-3.851133346557617,-0.3752549588680267,218.02647399902344,572.1326293945312,88997.3203125
2013-03-31 18:00:00,0.0,0.0033611443359404,274.90252685546875,-3.704758644104004,-0.868949830532074,224.8374786376953,814.02685546875,89004.015625
2013-03-31 19:00:00,0.0,0.0037923904601484,278.162353515625,-3.1930816173553467,-0.3364426791667938,230.54220581054688,929.097412109375,88958.7890625
2013-03-31 20:00:00,0.0,0.0042726220563054,281.4354858398437,-2.654593706130981,0.2059480547904968,236.3241729736328,981.9090576171876,88915.671875
2013-03-31 21:00:00,0.0,0.0047642830759286,284.688720703125,-2.1355228424072266,0.7450841665267944,250.1209716796875,969.1123046875,88872.28125
2013-03-31 22:00:00,0.0,0.0047907922416925,285.0792541503906,-2.22566819190979,0.0999999940395355,249.95315551757807,849.0650634765625,88846.5546875
2013-03-31 23:00:00,0.0,0.0047968919388949,285.4653015136719,-2.324763298034668,-0.5845858454704285,249.7698211669922,666.4464721679688,88814.6015625
